status	path	message
SUCCESS	en/01_beginner/00_setup.ipynb	
SUCCESS	en/01_beginner/01_llm_basics.ipynb	
SUCCESS	en/01_beginner/02_langchain_basics.ipynb	
SUCCESS	en/01_beginner/03_langchain_memory.ipynb	
SUCCESS	en/01_beginner/04_langgraph_basics.ipynb	
SUCCESS	en/01_beginner/05_deep_agents_basics.ipynb	
SUCCESS	en/01_beginner/06_comparison.ipynb	
SUCCESS	en/01_beginner/07_mini_project.ipynb	
SUCCESS	en/02_langchain/01_introduction.ipynb	
SUCCESS	en/02_langchain/02_quickstart.ipynb	
SUCCESS	en/02_langchain/03_models_and_messages.ipynb	
SUCCESS	en/02_langchain/04_tools_and_structured_output.ipynb	
SUCCESS	en/02_langchain/05_memory_and_streaming.ipynb	
SUCCESS	en/02_langchain/06_middleware.ipynb	
SUCCESS	en/02_langchain/07_hitl_and_runtime.ipynb	
SUCCESS	en/02_langchain/08_multi_agent.ipynb	
SUCCESS	en/02_langchain/09_custom_workflow_and_rag.ipynb	
SUCCESS	en/02_langchain/10_production.ipynb	
SUCCESS	en/02_langchain/11_mcp.ipynb	
SUCCESS	en/02_langchain/12_frontend_streaming.ipynb	
SUCCESS	en/02_langchain/13_guardrails.ipynb	
SUCCESS	en/03_langgraph/01_introduction.ipynb	
SUCCESS	en/03_langgraph/02_graph_api.ipynb	
SUCCESS	en/03_langgraph/03_functional_api.ipynb	
SUCCESS	en/03_langgraph/04_workflows.ipynb	
SUCCESS	en/03_langgraph/05_agents.ipynb	
SUCCESS	en/03_langgraph/06_persistence_and_memory.ipynb	
SUCCESS	en/03_langgraph/07_streaming.ipynb	
SUCCESS	en/03_langgraph/08_interrupts_and_time_travel.ipynb	
SUCCESS	en/03_langgraph/09_subgraphs.ipynb	
SUCCESS	en/03_langgraph/10_production.ipynb	
SUCCESS	en/03_langgraph/11_local_server.ipynb	
SUCCESS	en/03_langgraph/12_durable_execution.ipynb	
SUCCESS	en/03_langgraph/13_api_guide_and_pregel.ipynb	
SUCCESS	en/04_deepagents/01_introduction.ipynb	
SUCCESS	en/04_deepagents/02_quickstart.ipynb	
SUCCESS	en/04_deepagents/03_customization.ipynb	
SUCCESS	en/04_deepagents/04_backends.ipynb	
SUCCESS	en/04_deepagents/05_subagents.ipynb	
SUCCESS	en/04_deepagents/06_memory_and_skills.ipynb	
SUCCESS	en/04_deepagents/07_advanced.ipynb	
SUCCESS	en/04_deepagents/08_harness.ipynb	
SUCCESS	en/04_deepagents/09_comparison.ipynb	
SUCCESS	en/04_deepagents/10_sandboxes_and_acp.ipynb	
SUCCESS	en/05_advanced/00_migration.ipynb	
SUCCESS	en/05_advanced/01_middleware.ipynb	
SUCCESS	en/05_advanced/02_multi_agent_subagents.ipynb	
SUCCESS	en/05_advanced/03_multi_agent_handoffs_router.ipynb	
SUCCESS	en/05_advanced/04_context_memory.ipynb	
SUCCESS	en/05_advanced/05_agentic_rag.ipynb	
SUCCESS	en/05_advanced/06_sql_agent.ipynb	
SUCCESS	en/05_advanced/07_data_analysis.ipynb	
SUCCESS	en/05_advanced/08_voice_agent.ipynb	
SUCCESS	en/05_advanced/09_production.ipynb	
SUCCESS	en/06_examples/01_rag_agent.ipynb	
SUCCESS	en/06_examples/02_sql_agent.ipynb	
SUCCESS	en/06_examples/03_data_analysis_agent.ipynb	
SUCCESS	en/06_examples/04_ml_agent.ipynb	
SUCCESS	en/06_examples/05_deep_research_agent.ipynb	
